{
  "employees": [
    {
      "id": 1,
      "first_name": "Sebastian",
      "last_name": "Eschweiler",
      "email": "sebastian@codingthesmartway.com"
    },
    {
      "id": 2,
      "first_name": "Steve",
      "last_name": "Palmer",
      "email": "steve@codingthesmartway.com"
    },
    {
      "id": 3,
      "first_name": "Ann",
      "last_name": "Smith",
      "email": "ann@codingthesmartway.com"
    },
    {
      "first_name": "Nick",
      "last_name": "Henry",
      "email": "nick@gmail.com",
      "id": 4
    },
    {
      "first_name": "Tyson",
      "last_name": "Tenz",
      "email": "tenz@gmail.com",
      "id": 5
    }
  ],
  "admins": [
    {
      "id": "admin@gmail.com",
      "name": "Admin",
      "password": "admin@123"
    }
  ]
}